﻿<?xml version="1.0" encoding="utf-8"?>
<?xml-stylesheet type="text/xsl" href="c:\program files\microsoft visual studio\2022\community\team tools\static analysis tools\fxcop\Xml\CodeAnalysisReport.xsl"?>
<FxCopReport Version="17.0">
 <Targets>
  <Target Name="C:\Users\Teacher\AppData\Local\Temp\tmp9381.tmp.cadir\bin\App_Web_ggrzkobj.dll">
   <Modules>
    <Module Name="app_web_ggrzkobj.dll">
     <Namespaces>
      <Namespace Name="">
       <Types>
        <Type Name="SendMessage" Kind="Class" Accessibility="Public" ExternallyVisible="True">
         <Members>
          <Member Name="#btnSendMessages_Click(System.Object,System.EventArgs)" Kind="Method" Static="False" Accessibility="Family" ExternallyVisible="True">
           <Messages>
            <Message TypeName="Не ликвидировать объекты несколько раз" Category="Microsoft.Usage" CheckId="CA2202" Status="Active" Created="2023-10-04 06:32:38Z" FixCategory="DependsOnFix">
             <Issue Certainty="75" Level="Warning" Path="d:\Kwork\Privalov\www" File="SendMessage.aspx.cs" Line="52">Объект "'_connection'" можно удалять более одного раза в методе 'SendMessage.btnSendMessages_Click(object, EventArgs)'. Чтобы избежать исключения System.ObjectDisposedException, следует вызывать метод "Dispose" для объекта только один раз.: Lines: 52</Issue>
            </Message>
           </Messages>
          </Member>
         </Members>
        </Type>
       </Types>
      </Namespace>
     </Namespaces>
    </Module>
   </Modules>
  </Target>
  <Target Name="C:\Users\Teacher\AppData\Local\Temp\tmp9381.tmp.cadir\bin\App_Web_rmrqvk5k.dll">
   <Modules>
    <Module Name="app_web_rmrqvk5k.dll">
     <Namespaces>
      <Namespace Name="">
       <Types>
        <Type Name="Admin_NewUser" Kind="Class" Accessibility="Public" ExternallyVisible="True">
         <Members>
          <Member Name="#btnCreateUser_Click(System.Object,System.EventArgs)" Kind="Method" Static="False" Accessibility="Family" ExternallyVisible="True">
           <Messages>
            <Message TypeName="Не ликвидировать объекты несколько раз" Category="Microsoft.Usage" CheckId="CA2202" Status="Active" Created="2023-10-04 06:32:38Z" FixCategory="DependsOnFix">
             <Issue Certainty="75" Level="Warning" Path="d:\Kwork\Privalov\www\Admin" File="NewUser.aspx.cs" Line="66">Объект "'_connection'" можно удалять более одного раза в методе 'Admin_NewUser.btnCreateUser_Click(object, EventArgs)'. Чтобы избежать исключения System.ObjectDisposedException, следует вызывать метод "Dispose" для объекта только один раз.: Lines: 66</Issue>
            </Message>
           </Messages>
          </Member>
         </Members>
        </Type>
        <Type Name="EditUsers" Kind="Class" Accessibility="Public" ExternallyVisible="True">
         <Members>
          <Member Name="#btnSaveUserInfo_Click(System.Object,System.EventArgs)" Kind="Method" Static="False" Accessibility="Family" ExternallyVisible="True">
           <Messages>
            <Message TypeName="Не ликвидировать объекты несколько раз" Category="Microsoft.Usage" CheckId="CA2202" Status="Active" Created="2023-10-04 06:32:38Z" FixCategory="DependsOnFix">
             <Issue Certainty="75" Level="Warning" Path="d:\Kwork\Privalov\www\Admin" File="EditUsers.aspx.cs" Line="192">Объект "'_connection'" можно удалять более одного раза в методе 'EditUsers.btnSaveUserInfo_Click(object, EventArgs)'. Чтобы избежать исключения System.ObjectDisposedException, следует вызывать метод "Dispose" для объекта только один раз.: Lines: 192</Issue>
            </Message>
           </Messages>
          </Member>
          <Member Name="#Page_Load(System.Object,System.EventArgs)" Kind="Method" Static="False" Accessibility="Family" ExternallyVisible="True">
           <Messages>
            <Message TypeName="Не ликвидировать объекты несколько раз" Category="Microsoft.Usage" CheckId="CA2202" Status="Active" Created="2023-10-04 06:32:38Z" FixCategory="DependsOnFix">
             <Issue Certainty="75" Level="Warning" Path="d:\Kwork\Privalov\www\Admin" File="EditUsers.aspx.cs" Line="69">Объект "'_connection'" можно удалять более одного раза в методе 'EditUsers.Page_Load(object, EventArgs)'. Чтобы избежать исключения System.ObjectDisposedException, следует вызывать метод "Dispose" для объекта только один раз.: Lines: 69</Issue>
            </Message>
           </Messages>
          </Member>
         </Members>
        </Type>
       </Types>
      </Namespace>
     </Namespaces>
    </Module>
   </Modules>
  </Target>
 </Targets>
 <Rules>
  <Rule TypeName="Не ликвидировать объекты несколько раз" Category="Microsoft.Usage" CheckId="CA2202">
   <Name>Не ликвидировать объекты несколько раз</Name>
   <Description>Правильно реализованный метод Dispose может вызываться неоднократно без создания исключения. Однако такой гарантии нет, и чтобы предотвратить создание System.ObjectDisposedException, не следует вызывать метод Dispose для объекта более одного раза.</Description>
   <Resolution Name="Default">Объект "{0}" можно удалять более одного раза в методе {1}. Чтобы избежать исключения System.ObjectDisposedException, следует вызывать метод "Dispose" для объекта только один раз.: Lines: 52</Resolution>
   <Owner>RuleOwner</Owner>
   <Url>http://msdn.microsoft.com/library/ms182334.aspx</Url>
   <Email />
   <MessageLevel Certainty="75">Warning</MessageLevel>
   <File Name="dataflowrules.dll" Version="17.0.0.0" />
  </Rule>
 </Rules>
 <Localized>
  <String Key="Category">Категория</String>
  <String Key="Certainty">Достоверность</String>
  <String Key="CollapseAll">Свернуть все</String>
  <String Key="CheckId">ИД проверки</String>
  <String Key="Error">Ошибка</String>
  <String Key="Errors">ошибки</String>
  <String Key="ExpandAll">Развернуть все</String>
  <String Key="Help">Справка</String>
  <String Key="Line">Строка</String>
  <String Key="Messages">сообщения</String>
  <String Key="LocationNotStoredInPdb">[расположение не сохранено в PDB]</String>
  <String Key="Project">Проект</String>
  <String Key="Resolution">Разрешение</String>
  <String Key="Rule">Правило</String>
  <String Key="RuleFile">Файл правил</String>
  <String Key="RuleDescription">Описание правила</String>
  <String Key="Source">Источник</String>
  <String Key="Status">Состояние</String>
  <String Key="Target">Цель</String>
  <String Key="Warning">Предупреждение</String>
  <String Key="Warnings">предупреждения</String>
  <String Key="ReportTitle">Отчет по Code Analysis</String>
 </Localized>
</FxCopReport>
